{
    "ComplEx": {
        "DB50K": {
            "mrr": 0.4573729435250183,
            "h1": 0.4100238663484487,
            "h10": 0.541527446300716,
            "mr": 2459.382338902148
        },
        "WN18RR": {
            "mrr": 0.4808055762702678,
            "h1": 0.4572156196943973,
            "h10": 0.5283531409168082,
            "mr": 3450.0648556876063
        },
        "FB15k-237": {
            "mrr": 0.3180612848272217,
            "h1": 0.22921254832868398,
            "h10": 0.49870307835364364,
            "mr": 194.0049919248275
        },
        "YAGO4-20": {
            "mrr": 0.2448012337286154,
            "h1": 0.19661229430242946,
            "h10": 0.33395054612524855,
            "mr": 1757.2779691057378
        },
        "DB100K": {
            "mrr": 0.4077934092747361,
            "h1": 0.34627601091338517,
            "h10": 0.525389909190862,
            "mr": 1965.2180335545872
        },
        "YAGO3-10": {
            "mrr": 0.5621770564442129,
            "h1": 0.49448012846246486,
            "h10": 0.6820553994379767,
            "mr": 1320.500301083902
        }
    },
    "TransE": {
        "DB50K": {
            "mrr": 0.3674125827484637,
            "h1": 0.28233890214797136,
            "h10": 0.5007159904534606,
            "mr": 2226.8429594272075
        },
        "WN18RR": {
            "mrr": 0.2229941262393751,
            "h1": 0.10101867572156197,
            "h10": 0.4271646859083192,
            "mr": 2249.9507640067914
        },
        "FB15k-237": {
            "mrr": 0.2605537981496451,
            "h1": 0.1659815005138746,
            "h10": 0.4505212156805168,
            "mr": 176.73696960798708
        },
        "YAGO4-20": {
            "mrr": 0.095463299174944,
            "h1": 0.047897633937577455,
            "h10": 0.17645321190812416,
            "mr": 2751.4876293264933
        },
        "DB100K": {
            "mrr": 0.14287311326116994,
            "h1": 0.06066498350775746,
            "h10": 0.29524168261595474,
            "mr": 2215.0305513702815
        },
        "YAGO3-10": {
            "mrr": 0.13350552337854002,
            "h1": 0.07386591730228824,
            "h10": 0.2434765154556403,
            "mr": 1043.6435166599758
        }
    },
    "ConvE": {
        "DB50K": {
            "mrr": 0.14407562007568692,
            "h1": 0.11217183770883055,
            "h10": 0.2035799522673031,
            "mr": 6090.456324582339
        },
        "WN18RR": {
            "mrr": 0.46673680500923065,
            "h1": 0.4429541595925297,
            "h10": 0.5140916808149406,
            "mr": 2334.432427843803
        },
        "FB15k-237": {
            "mrr": 0.3236737854558803,
            "h1": 0.23510987128664415,
            "h10": 0.499828708461802,
            "mr": 241.43241325307102
        },
        "YAGO4-20": {
            "mrr": 0.19692720731310634,
            "h1": 0.15118591313870716,
            "h10": 0.28213349087869966,
            "mr": 2693.2536672526585
        },
        "YAGO3-10": {
            "mrr": 0.198472115756592,
            "h1": 0.13157366519470093,
            "h10": 0.32757928542753917,
            "mr": 2209.785026093938
        },
        "DB100K": {
            "mrr": 0.3634711345476014,
            "h1": 0.30136010098953453,
            "h10": 0.4821334039174166,
            "mr": 1859.1513519566722
        }
    }
}