{
    "TransE": {
        "FB15k-237": {
            "mrr": 0.1852167379681454,
            "h1": 0.11872909698996656,
            "h10": 0.32441471571906355,
            "mr": 631.4715719063545
        },
        "WN18RR": {
            "mrr": 0.24324914342346077,
            "h1": 0.17142857142857143,
            "h10": 0.35714285714285715,
            "mr": 6214.5
        },
        "WN18": {
            "mrr": 0.6505204316784268,
            "h1": 0.5238095238095238,
            "h10": 0.8571428571428571,
            "mr": 18.916666666666668
        }
    }
}